radius,volume_fraction
0.02,0.217018
0.06,0.24716
0.1,0.227869
0.14,0.206684
0.18,0.221037
0.22,0.240035
0.26,0.20728
0.3,0.225458
0.34,0.234039
0.38,0.213211
0.42,0.220463
0.46,0.221736
0.5,0.211954
0.54,0.226396
0.58,0.216395
0.62,0.208851
0.66,0.21373
0.7,0.213918
0.74,0.225327
0.78,0.206816
0.82,0.205991
0.86,0.230897
0.9,0.268058
0.94,0.0700307
0.98,0.264998
